Datetime,Water Level (m)
2026-04-14 00:00:00,-0.62635845
2026-04-14 01:00:00,-0.30291235
2026-04-14 02:00:00,0.042889778
2026-04-14 03:00:00,0.32878816
2026-04-14 04:00:00,0.535995
2026-04-14 05:00:00,0.59779155
2026-04-14 06:00:00,0.4447573
2026-04-14 07:00:00,0.18078274
2026-04-14 08:00:00,-0.060969677
2026-04-14 09:00:00,-0.26631087
2026-04-14 10:00:00,-0.45021778
2026-04-14 11:00:00,-0.59853125
2026-04-14 12:00:00,-0.66356736
2026-04-14 13:00:00,-0.33588544
2026-04-14 14:00:00,0.06798027
2026-04-14 15:00:00,0.42009676
2026-04-14 16:00:00,0.676324
2026-04-14 17:00:00,0.77373815
2026-04-14 18:00:00,0.63688177
2026-04-14 19:00:00,0.33327764
2026-04-14 20:00:00,0.06835527
2026-04-14 21:00:00,-0.15284517
2026-04-14 22:00:00,-0.3599211
2026-04-14 23:00:00,-0.54238254
2026-04-15 00:00:00,-0.6789047
2026-04-15 01:00:00,-0.67308855
2026-04-15 02:00:00,-0.20814988
2026-04-15 03:00:00,0.21016353
2026-04-15 04:00:00,0.5396869
2026-04-15 05:00:00,0.7479866
2026-04-15 06:00:00,0.753403
2026-04-15 07:00:00,0.4915684
2026-04-15 08:00:00,0.19640209
2026-04-15 09:00:00,-0.044069286
2026-04-15 10:00:00,-0.25442308
2026-04-15 11:00:00,-0.44733897
2026-04-15 12:00:00,-0.6028224
2026-04-15 13:00:00,-0.6427705
2026-04-15 14:00:00,-0.19411415
2026-04-15 15:00:00,0.25143898
2026-04-15 16:00:00,0.6330426
2026-04-15 17:00:00,0.88144124
2026-04-15 18:00:00,0.92304206
2026-04-15 19:00:00,0.6750976
2026-04-15 20:00:00,0.35159838
2026-04-15 21:00:00,0.08170782
2026-04-15 22:00:00,-0.1502989
2026-04-15 23:00:00,-0.36717102
2026-04-16 00:00:00,-0.55621475
2026-04-16 01:00:00,-0.68910855
2026-04-16 02:00:00,-0.50498223
2026-04-16 03:00:00,0.01945059
2026-04-16 04:00:00,0.4537718
2026-04-16 05:00:00,0.7913406
2026-04-16 06:00:00,0.9595055
2026-04-16 07:00:00,0.8569568
2026-04-16 08:00:00,0.5172185
2026-04-16 09:00:00,0.2249064
2026-04-16 10:00:00,-0.019674707
2026-04-16 11:00:00,-0.23686032
2026-04-16 12:00:00,-0.4402881
2026-04-16 13:00:00,-0.5978899
2026-04-16 14:00:00,-0.59895635
2026-04-16 15:00:00,-0.065933995
2026-04-16 16:00:00,0.41544822
2026-04-16 17:00:00,0.7751843
2026-04-16 18:00:00,0.96892786
2026-04-16 19:00:00,0.86747843
2026-04-16 20:00:00,0.51615953
2026-04-16 21:00:00,0.21803413
2026-04-16 22:00:00,-0.035478998
2026-04-16 23:00:00,-0.2665233
2026-04-17 00:00:00,-0.4722838
2026-04-17 01:00:00,-0.64474106
2026-04-17 02:00:00,-0.74793214
2026-04-17 03:00:00,-0.3620254
2026-04-17 04:00:00,0.16153331
2026-04-17 05:00:00,0.6111586
2026-04-17 06:00:00,0.94351196
2026-04-17 07:00:00,1.0398473
2026-04-17 08:00:00,0.80157864
2026-04-17 09:00:00,0.43992618
2026-04-17 10:00:00,0.16633378
2026-04-17 11:00:00,-0.07824354
2026-04-17 12:00:00,-0.3033814
2026-04-17 13:00:00,-0.4973139
2026-04-17 14:00:00,-0.6425646
2026-04-17 15:00:00,-0.4478828
2026-04-17 16:00:00,0.10339196
2026-04-17 17:00:00,0.54890364
2026-04-17 18:00:00,0.8806997
2026-04-17 19:00:00,0.9865297
2026-04-17 20:00:00,0.7636918
2026-04-17 21:00:00,0.40927467
2026-04-17 22:00:00,0.128692
2026-04-17 23:00:00,-0.10850837
2026-04-18 00:00:00,-0.329084
2026-04-18 01:00:00,-0.5350773
2026-04-18 02:00:00,-0.69467866
2026-04-18 03:00:00,-0.70944417
2026-04-18 04:00:00,-0.12817723
2026-04-18 05:00:00,0.39054853
2026-04-18 06:00:00,0.8295508
2026-04-18 07:00:00,1.1031939
2026-04-18 08:00:00,1.0861218
2026-04-18 09:00:00,0.74017763
2026-04-18 10:00:00,0.40020406
2026-04-18 11:00:00,0.12918344
2026-04-18 12:00:00,-0.10599689
2026-04-18 13:00:00,-0.32330793
2026-04-18 14:00:00,-0.5183955
2026-04-18 15:00:00,-0.6310523
2026-04-18 16:00:00,-0.21411288
2026-04-18 17:00:00,0.3035858
2026-04-18 18:00:00,0.72194314
2026-04-18 19:00:00,0.9993309
2026-04-18 20:00:00,1.0068383
2026-04-18 21:00:00,0.68453383
2026-04-18 22:00:00,0.35544363
2026-04-18 23:00:00,0.08544896
2026-04-19 00:00:00,-0.14952977
2026-04-19 01:00:00,-0.3681284
2026-04-19 02:00:00,-0.5572055
2026-04-19 03:00:00,-0.6877467
2026-04-19 04:00:00,-0.41483644
2026-04-19 05:00:00,0.152075
2026-04-19 06:00:00,0.6556456
2026-04-19 07:00:00,1.0647691
2026-04-19 08:00:00,1.2417154
2026-04-19 09:00:00,1.0920122
2026-04-19 10:00:00,0.70426744
2026-04-19 11:00:00,0.38221884
2026-04-19 12:00:00,0.12203851
2026-04-19 13:00:00,-0.113104686
2026-04-19 14:00:00,-0.32214522
2026-04-19 15:00:00,-0.4979974
2026-04-19 16:00:00,-0.50704974
2026-04-19 17:00:00,0.032392394
2026-04-19 18:00:00,0.5008338
2026-04-19 19:00:00,0.85487074
2026-04-19 20:00:00,1.027867
2026-04-19 21:00:00,0.8954999
2026-04-19 22:00:00,0.5412557
2026-04-19 23:00:00,0.24474123
2026-04-20 00:00:00,-0.0016201779
